md5	rom	suite	venus	venus_detail	mesen	mesen_detail	vram_last	mesen_vram
b55a5feb2e5f3890b83edec46d2a685f	roms/240pSuite-SNES-1.03/240pSuite.sfc	240p suite	Visual		Visual		same	steady
ffd24d959f866013861a9deb2630a101	roms/240pSuite-SNES-PAL-1.03/240pSuite-PAL.sfc	240p suite	Visual		Visual		same	steady
db3ef23da54121f9a383d52db5fc5853	roms/gilyon-snes-tests-v1.4/cputest/cputest-basic.sfc	gilyon cputest	Failed	gilyon test=02BD	Passed	gilyon last=0452	72B	steady
44aa46f8e008b29abcc507ea83b4cf46	roms/gilyon-snes-tests-v1.4/cputest/cputest-full.sfc	gilyon cputest	Failed	gilyon test=0024	Passed	gilyon last=0649	72B	steady
818504eb3850bfcd23be3d9da7819cfb	roms/gilyon-snes-tests-v1.4/spctest/spctest.sfc	gilyon spctest	Passed	gilyon last=0557	Passed	gilyon last=0557	same	steady
2d7344840f59999fac6994274cf35c48	roms/undisbeliever-snes-test-roms-20210217/snes-test-roms/hdma-2100-glitch-2ch-0a.sfc	undisbeliever	Visual		Visual		same	steady
1deac320fe2a45a6d1d1a5c45110163f	roms/undisbeliever-snes-test-roms-20210217/snes-test-roms/hdma-2100-glitch-2ch-81.sfc	undisbeliever	Visual		Visual		same	steady
29d0cb56c85a83c6f9369a9e137acd10	roms/undisbeliever-snes-test-roms-20210217/snes-test-roms/hdma-2100-glitch.sfc	undisbeliever	Visual		Visual		same	steady
546fd69cae3ddb3bf4fd9bb00a80e85a	roms/undisbeliever-snes-test-roms-20210217/snes-test-roms/hdma-21ff-2100-0f-glitch.sfc	undisbeliever	Visual		Visual		same	steady
aed5cc5ffb3e359166cc0e7e89e75ce5	roms/undisbeliever-snes-test-roms-20210217/snes-test-roms/hdma-21ff-2100-glitch.sfc	undisbeliever	Visual		Visual		same	steady
2b162f7e51c1d64141dfef043d735462	roms/undisbeliever-snes-test-roms-20210217/snes-test-roms/hdma-21ff-glitch.sfc	undisbeliever	Visual		Visual		same	steady
5aa237bdbdcb511c1864f0a7e6f530f4	roms/undisbeliever-snes-test-roms-20210217/snes-test-roms/hdmaen_latch_test_2.sfc	undisbeliever	Visual		Visual		same	steady
aa1d19bcda6037a16cd7ca7e2d8d14cc	roms/undisbeliever-snes-test-roms-20210217/snes-test-roms/hdmaen_latch_test.sfc	undisbeliever	Visual		Visual		same	steady
d3b9117852857f66aa037e22febf71ee	roms/undisbeliever-snes-test-roms-20210217/snes-test-roms/inidisp_brightness_delay.sfc	undisbeliever	Visual		Visual		same	steady
1881705f72ed4ba4dec2a6ac0683d908	roms/undisbeliever-snes-test-roms-20210217/snes-test-roms/inidisp_d7_glitch_test.sfc	undisbeliever	Visual		Visual		same	steady
72b08b75acdf0db0103381f0ba769b34	roms/undisbeliever-snes-test-roms-20210217/snes-test-roms/inidisp_enable_display_mid_frame.sfc	undisbeliever	Visual		Visual		same	steady
e11a418e4240b2c073284dc0386b5855	roms/undisbeliever-snes-test-roms-20210217/snes-test-roms/inidisp_forgot_to_force_blank.sfc	undisbeliever	Visual		Visual		3941B	steady
fe45922c84c668da6ccbc9c309bc98db	roms/undisbeliever-snes-test-roms-20210217/snes-test-roms/inidisp_hammer_0f00.sfc	undisbeliever	Visual		Visual		same	steady
b67850d012687465b1f6a02cd6895b5e	roms/undisbeliever-snes-test-roms-20210217/snes-test-roms/inidisp_hammer_0f0f.sfc	undisbeliever	Visual		Visual		same	steady
60dd681d915703793ce5c26166828e40	roms/undisbeliever-snes-test-roms-20210217/snes-test-roms/inidisp_hammer_0f8f_fast.sfc	undisbeliever	Visual		Visual		same	steady
786e55431172a035f124231c4fce8671	roms/undisbeliever-snes-test-roms-20210217/snes-test-roms/inidisp_hammer_0f8f.sfc	undisbeliever	Visual		Visual		same	steady
fdaa38ab7c54e43bc718f5aa80635c1a	roms/undisbeliever-snes-test-roms-20210217/snes-test-roms/inidisp_hammer_0f_long.sfc	undisbeliever	Visual		Visual		same	steady
59d6cf4a2fbed602dd9a8eacce36b7a8	roms/undisbeliever-snes-test-roms-20210217/snes-test-roms/inidisp_hammer_0f.sfc	undisbeliever	Visual		Visual		same	steady
ad1e50d9e14418e38b5612fbcab2d192	roms/undisbeliever-snes-test-roms-20210217/snes-test-roms/inidisp_hammer_8f0f.sfc	undisbeliever	Visual		Visual		same	steady
e55fa2fe56e7ea9517fbaf6039512d3c	roms/undisbeliever-snes-test-roms-20210217/snes-test-roms/scpu-a-dma-bug-1.sfc	undisbeliever	Visual		Visual		same	steady
c76b0ef0f8214a6bbf6c8e8165584a4f	roms/undisbeliever-snes-test-roms-20210217/snes-test-roms/scpu-a-dma-bug-2.sfc	undisbeliever	Visual		Visual		same	steady
b2c3eb326a84b7757e30faf572fbf61d	roms/undisbeliever-snes-test-roms-20210217/snes-test-roms/scpu-a-dma-bug-3.sfc	undisbeliever	Visual		Visual		same	steady
c3cfed9044440ff76874d8906f9c3fbc	roms/undisbeliever-snes-test-roms-20210217/snes-test-roms/scpu-a-dma-bug-5.sfc	undisbeliever	Visual		Visual		same	steady
6b971cf86a7a4185fb004f90da41e02b	roms/undisbeliever-snes-test-roms-20210217/snes-test-roms/scpu-a-dma-bug-ch0.sfc	undisbeliever	Visual		Visual		same	steady
4acc6198517db6d14d83d60f85cdcf0f	roms/undisbeliever-snes-test-roms-20210217/snes-test-roms/scpu-a-dma-bug-fix2.sfc	undisbeliever	Visual		Visual		same	steady
1e1ba1add8d3b7c139d81e596bcd2cf9	roms/undisbeliever-snes-test-roms-20210217/snes-test-roms/scpu-a-dma-bug-fix.sfc	undisbeliever	Visual		Visual		same	steady
11355671459106526bb51ce304143fa2	roms/undisbeliever-snes-test-roms-20210217/snes-test-roms/scpu-a-dma-bug-r2.sfc	undisbeliever	Visual		Visual		same	steady
0b7fb63c48b31fa75fba9e67198a1603	roms/undisbeliever-snes-test-roms-20210217/snes-test-roms/scpu-a-dma-bug-strange.sfc	undisbeliever	Visual		Visual		same	steady
a3e6bb9656a345ff278d642383d0a002	roms/undisbeliever-snes-test-roms-20210217/snes-test-roms/scpu-a-dma-bug-two-regs.sfc	undisbeliever	Visual		Visual		same	steady
ffed42879de5dd10833dcb0cfa61fb12	src/higan-snes-test-roms/93143-hblank-dma-vram/hvdma_max.sfc	higan collection, other	Visual		Visual		6496B	steady
72e05b4ce103e7819f96bccfd98413a7	src/higan-snes-test-roms/93143-hblank-dma-vram/hvdma.sfc	higan collection, other	Visual		Visual		16B	steady
aa041f5cef0f3ea6922cf152d036d3f1	src/higan-snes-test-roms/absindx/SA1RamProtectionTest.sfc	absindx SA-1	Failed	text SA-1 | PROTECTION | 0.80 | RESULT | FAILED | SRAM | BYTES | SNES | $01FF | SA-1 | REBOOT | TEST | I-RAM | PROTECTION | SNES | EXPECTED | SNES | ACTUAL | SA-1 | EXPECTED | SA-1 | ACTUAL | BW-RAM | PROTECTION | SNES | EXPECTED | SNES | ACTUAL | SA-1 | EXPECTED | SA-1 | ACTUAL | 4,((,< | 4,hXpp | |Dd$$$<< | &$<< | 8(88(hxp | pXl44lxp | ~Bf$$f~~ | f$<< | <$,((,<< | pPXh,4 | 8lT| | <$lXh,<<	Passed	text SA-1 | PROTECTION | 0.80 | RESULT | PASSED | SRAM | $020000 | BYTES | SNES | $01FF | SA-1 | $01FF | REBOOT | $01FF | TEST | I-RAM | PROTECTION | SNES | EXPECTED | SNES | ACTUAL | SA-1 | EXPECTED | SA-1 | ACTUAL | BW-RAM | PROTECTION | SNES | EXPECTED | SNES | ACTUAL | SA-1 | EXPECTED | SA-1 | ACTUAL | 4,((,< | 4,hXpp | |Dd$$$<< | &$<< | 8(88(hxp | pXl44lxp | ~Bf$$f~~ | f$<< | <$,((,<< | pPXh,4 | 8	27B	steady
ea6cb982cc6176613a5e188acfe97312	src/higan-snes-test-roms/absindx/SA1VersionCodeTest.sfc	absindx SA-1	Failed	text SA-1 | VERSION | CODE | RESULT | FAILED | SNES | SA-1 | $002300 | $002301 | $002302 | HCRL | $002303 | HCRH | $002304 | VCRL | $002305 | VCRH | $002306 | $002307 | $002308 | $002309 | $00230A | $00230B | $00230C | VDPL | $00230D | VDPH | $00230E | $00230F | $002310 | 4,((,< | 4,hXpp | |Dd$$$<< | &$<< | 8(88(hxp | pXl44lxp | ~Bf$$f~~ | f$<< | <$,((,<< | pPXh,4 | 8lT| | <$lXh,<<	Failed	text SA-1 | VERSION | CODE | RESULT | FAILED | SNES | SA-1 | $002300 | OPEN | $002301 | OPEN | $002302 | HCRL | OPEN | OPEN | $002303 | HCRH | OPEN | OPEN | $002304 | VCRL | OPEN | OPEN | $002305 | VCRH | OPEN | OPEN | $002306 | OPEN | $002307 | OPEN | $002308 | OPEN | $002309 | OPEN | $00230A | OPEN | $00230B | OPEN | $00230C | VDPL | OPEN | $00230D | VDPH | OPEN | $00230E | OPEN | OPEN | $00230F | OP	103B	steady
718bebcc4652ea430a3b3a55fac4b466	src/higan-snes-test-roms/blargg-spc-6/spc_dsp6.sfc	blargg spc_dsp6	Incomplete	blargg-backdrop rgb=0,0,0	Passed	blargg-backdrop rgb=0,0,14	695B	steady
7379b48d4341d7ad4ef967bdbe40b79d	src/higan-snes-test-roms/blargg-spc-6/spc_mem_access_times.sfc	blargg SPC	Failed	blargg-backdrop rgb=15,0,0	Passed	blargg-backdrop rgb=0,0,14	378B	steady
6b3d13efd94af13a45eb4b2e422f7386	src/higan-snes-test-roms/blargg-spc-6/spc_smp.sfc	blargg SPC	Failed	blargg-backdrop rgb=15,0,0	Passed	blargg-backdrop rgb=0,0,14	602B	moving
356330ff027bec9be9b3edb5c7c176bf	src/higan-snes-test-roms/blargg-spc-6/spc_timer.sfc	blargg SPC	Failed	blargg-backdrop rgb=15,0,0	Passed	blargg-backdrop rgb=0,0,14	30B	steady
aa611c7e30f6b233dd6b7b3f97db74ec	src/higan-snes-test-roms/gilyon/spctest.sfc	gilyon spctest	Passed	gilyon last=0527	Passed	gilyon last=0527	same	steady
5baea7f4c2a77a5da39f95f3665ca8af	src/higan-snes-test-roms/jonasquinn-test-roms/blargg_2010-03-14/controller strobebehavior.smc	blargg 2010	Visual		Visual		same	steady
392fef81c9c94b143e33e1940bb10d94	src/higan-snes-test-roms/jonasquinn-test-roms/blargg_2010-03-14/exec_io_tests/1-test_exec_from_io.smc	blargg 2010	Passed	text 8kf; | <fnjn`> | test_exec_from_io                                               Passed	Passed	text 8kf; | <fnjn`> | test_exec_from_io                                               Passed	same	steady
924680638d753f6058a58b2d716f2172	src/higan-snes-test-roms/jonasquinn-test-roms/blargg_2010-03-14/exec_io_tests/2-test_single_instr.smc	blargg 2010	Failed	text 8kf; | <fnjn`> | test_single_instr                                               Failed	Passed	text 8kf; | <fnjn`> | test_single_instr                                               Passed	78B	steady
0c73cda7f4dbf7393ac01a85d85b6ac7	src/higan-snes-test-roms/jonasquinn-test-roms/blargg_2010-03-14/exec_io_tests/3-test_write_disable.smc	blargg 2010	Failed	text 8kf; | <fnjn`> | test_write_disable                                              Failed	Passed	text 8kf; | <fnjn`> | test_write_disable                                              Passed	80B	steady
b5560184d9914a3fe7ff5a738ff22e0b	src/higan-snes-test-roms/jonasquinn-test-roms/blargg_2010-03-14/exec_io_tests/4-test_ram_disable.smc	blargg 2010	Passed	text 8kf; | <fnjn`> | 56 78 56                        test_ram_disable                                                Passed	Passed	text 8kf; | <fnjn`> | 56 78 56                        test_ram_disable                                                Passed	same	steady
15878f0e335ef7b7f647062f1220a40b	src/higan-snes-test-roms/jonasquinn-test-roms/blargg_2010-03-14/speed_2_freezes2.smc	blargg 2010	Failed	text 8kf; | <fnjn`> | speed_2_freezes2                                                Failed	Failed	text 8kf; | <fnjn`> | speed_2_freezes2                                                Failed	same	steady
29b5ede194fcb0bbfac46fd540f7f67e	src/higan-snes-test-roms/jonasquinn-test-roms/blargg_2010-03-14/test_ram_disable_ipl.smc	blargg 2010	Failed	text 8kf; | <fnjn`> | 00 00                                                           test_ram_disable_ipl                                            Failed	Passed	text 8kf; | <fnjn`> | 00 CD                           test_ram_disable_ipl                                            Passed	86B	steady
51ed9e9eac7edd9174dd6284316dfec8	src/higan-snes-test-roms/jonasquinn-test-roms/blargg_2010-03-14/test_speed.smc	blargg 2010	Failed	text 8kf; | <fnjn`> | 0A 213                          1A 213                          2A 213                          3A 213                          4A 213                          5A 213                          6A 213                          7A 213                          CA 213                          DA 213                          EA 213                          FA 213	Done	text 8kf; | <fnjn`> | 0A 251                          1A 251                          2A 251                          3A 251                          4A 126                          5A 126                          6A 126                          7A 126                          CA 25                           DA 26                           EA 26                           FA 26	90B	steady
af5e5b80a65c5d9507e88a2f41880830	src/higan-snes-test-roms/jonasquinn-test-roms/blargg_2010-03-14/test_timer_speed_2.smc	blargg 2010	Passed	text 8kf; | <fnjn`> | 0A 342                          1A 342                          2A 342                          3A 342                          4A 342                          5A 342                          6A 342                          7A 342                          CA 342                          DA 342                          EA 342                          FA 342	Passed	text 8kf; | <fnjn`> | 0A 342                          1A 205                          2A 114                          3A 61                           4A 257                          5A 171                          6A 103                          7A 57                           CA 103                          DA 86                           EA 64                           FA 43	32B	steady
813b9ccea4a0bdadd6bf816b5c19ee7c	src/higan-snes-test-roms/jonasquinn-test-roms/blargg_2010-03-14/test_timer_speed2.smc	blargg 2010	Failed	text 8kf; | <fnjn`> | 0A 2731                         1A 2731                                                         test_timer_speed                                                Failed	Passed	text 8kf; | <fnjn`> | 0A 2731                         1A 1639                         2A 910                          3A 482                          4A 2049                         5A 1366                         6A 819                          7A 456                          CA 820                          DA 683                          EA 512                          FA 342	409B	steady
2f2aacadaec62f0758bd2e0be4179853	src/higan-snes-test-roms/jonasquinn-test-roms/blargg_2010-03-14/test_timer_speed3.smc	blargg 2010	Done	text 8kf; | <fnjn`> | 0A 2731                         1A 2731                         2A 2731                         3A 2731                         4A 2731                         5A 2731                         6A 2731                         7A 2731                         CA 2731                         DA 2731                         EA 2731                         FA 2731	Done	text 8kf; | <fnjn`> | 0A 2731                         1A 1639                         2A 911                          3A 482                          4A 2049                         5A 1366                         6A 820                          7A 455                          CA 820                          DA 683                          EA 513                          FA 341	40B	steady
6bc9a450ce70983721cbd2781fab7676	src/higan-snes-test-roms/jonasquinn-test-roms/blargg_2010-03-14/test_timer_speed.smc	blargg 2010	Failed	text 8kf; | <fnjn`> | 0A 2731                         1A                                                              test_timer_speed                                                Failed	Passed	text 8kf; | <fnjn`> | 0A 2731                         1A 1639                         2A 910                          3A 482                          4A 2049                         5A 1366                         6A 819                          7A 456                          CA 820                          DA 683                          EA 512                          FA 342	410B	steady
6a5856f60e21b25052f46e74b1a77b5a	src/higan-snes-test-roms/jonasquinn-test-roms/blargg_2010-03-14/test_timer_stop2.smc	blargg 2010	Failed	text 8kf; | <fnjn`> | 00                                                              test_timer_stop2                                                Failed	Passed	text 8kf; | <fnjn`> | 04                              test_timer_stop2                                                Passed	77B	steady
d9ab0d9a48fdeb2acab7da55f371cad2	src/higan-snes-test-roms/jonasquinn-test-roms/blargg_2010-03-14/test_timer_stop.smc	blargg 2010	Failed	text 8kf; | <fnjn`> | 0A                                                              test_timer_stop                                                 Failed	Passed	text 8kf; | <fnjn`> | 00                              test_timer_stop                                                 Passed	75B	steady
0c743e680a1ec033dca9d4c75497564a	src/higan-snes-test-roms/jonasquinn-test-roms/blargg_2010-03-14/timer_at_power_reset.smc	blargg 2010	Failed	text 8kf; | <fnjn`> | FDC0                                                            timer_at_power_reset                                            Failed	Visual		94B	steady
f3496ef7f069a87416ee332774b12201	src/higan-snes-test-roms/jonasquinn-test-roms/blargg_near_cd_quality2.smc	higan collection, other	Visual		Visual		same	steady
a44f47c2be444eaed116e0e152b6231f	src/higan-snes-test-roms/jonasquinn-test-roms/blargg_near_cd_quality.smc	higan collection, other	Visual		Visual		same	steady
21e816b7fcac1081bc12b64b1253f2c6	src/higan-snes-test-roms/jonasquinn-test-roms/blobs/demo_irqtest.smc	higan collection, other	Visual		Visual		same	steady
2c7e966b9ab2077dbd7cbad15e3668dc	src/higan-snes-test-roms/jonasquinn-test-roms/blobs/demo_nmitest.smc	higan collection, other	Visual		Visual		same	steady
4c1504c7f8d36e18fac71ab0253d6002	src/higan-snes-test-roms/jonasquinn-test-roms/blobs/irq.smc	higan collection, other	Visual		Visual		same	steady
b6a87c2358f6d11860d77f205d1f82ba	src/higan-snes-test-roms/jonasquinn-test-roms/blobs/memtest.smc	higan collection, other	Visual		Visual		219B	steady
ed151d7fe6b4cdb8c1c50bb7e88dc9f8	src/higan-snes-test-roms/jonasquinn-test-roms/blobs/nmi.smc	higan collection, other	Visual		Visual		same	steady
03a2b7529dce04a5379178134d7d7509	src/higan-snes-test-roms/jonasquinn-test-roms/blobs/test_hdma.smc	higan collection, other	Visual		Visual		same	steady
acec8b5390f1443351036437aa2f2954	src/higan-snes-test-roms/jonasquinn-test-roms/blobs/test_hdmasync.smc	higan collection, other	Visual		Visual		same	steady
900bfa374d61d91bd76aafc453bd24ad	src/higan-snes-test-roms/jonasquinn-test-roms/blobs/test_hdmatiming.smc	higan collection, other	Visual		Visual		same	steady
6df9cf53f1e741b6ff6be94fb137c133	src/higan-snes-test-roms/jonasquinn-test-roms/blobs/test_irq4200.smc	higan collection, other	Visual		Visual		same	steady
a27480bb864144524dca09f496a5425a	src/higan-snes-test-roms/jonasquinn-test-roms/blobs/test_irq4209.smc	higan collection, other	Visual		Visual		same	steady
b8aa2a2f002dd8c58fe1e5505307044b	src/higan-snes-test-roms/jonasquinn-test-roms/blobs/test_irqb.smc	higan collection, other	Visual		Visual		4B	steady
9664a75807d9deb230c9400251fb00ba	src/higan-snes-test-roms/jonasquinn-test-roms/blobs/test_irq.smc	higan collection, other	Visual		Visual		same	steady
47739268a541f1a422a6a14e63700b04	src/higan-snes-test-roms/jonasquinn-test-roms/blobs/test_nmi.smc	higan collection, other	Visual		Visual		same	steady
14c4cba543f2869f29ba58ff272906da	src/higan-snes-test-roms/jonasquinn-test-roms/color_halve_proof/demo.smc	higan collection, other	Visual		Visual		same	steady
ec34c954b4eff41e6c070a4cdf67ae85	src/higan-snes-test-roms/jonasquinn-test-roms/cx4test/cx4test.sfc	Cx4	Failed	text `p0p | >8||<<<< | s8<<<<<< | 08<><8 | CX4 TEST PROGRAM | VERSION 1.00 | BY OVERLOAD | 2010-03-03 | MEMORY TEST ............. FAIL | $6000-$6BFF ............. FAIL | $7000-$7BFF ............. FAIL | $7F40-$7F4F ............. FAIL | $7F50-$7F5F ............. FAIL | $7F60-$7F7F ............. FAIL | $7F80-$7FFF ............. FAIL	Visual		49B	steady
6174b0083e917a9ad30bbe50d2ad54b5	src/higan-snes-test-roms/jonasquinn-test-roms/hdma_midframe/demo.smc	higan collection, other	Visual		Visual		same	steady
eeccfaae6b964abfb0b64179d9889e6c	src/higan-snes-test-roms/jonasquinn-test-roms/muldiv_tests/div_behavior.smc	multiply/divide	Failed	text 8kf; | <fnjn`> | WRDIVB write during div should   reload WRDIV into RDMPY                                        div_behavior                                                    Failed #6	Passed	text 8kf; | <fnjn`> | div_behavior                                                    Passed	168B	steady
886f0d7c3f4941054d8d94a6576bb2e9	src/higan-snes-test-roms/jonasquinn-test-roms/muldiv_tests/div_timing.smc	multiply/divide	Failed	text 8kf; | <fnjn`> | CLK RDDIV RDMPY                 02  1855  0002                  03  1855  0002                  04  1855  0002                  05  1855  0002                  06  1855  0002                  07  1855  0002                  08  1855  0002                  09  1855  0002                  0A  1855  0002                  0B  1855  0002                  0C  1855  0002	Passed	text 8kf; | <fnjn`> | CLK RDDIV RDMPY                 02  FFFC  AA55                  03  FFF8  AA55                  04  FFF1  3A55                  05  FFE3  0255                  06  FFC6  0255                  07  FF8C  0255                  08  FF18  0255                  09  FE30  0255                  0A  FC61  0095                  0B  F8C2  0095                  0C  F185  0025	180B	steady
a7a97501326802c509b5410f6245f285	src/higan-snes-test-roms/jonasquinn-test-roms/muldiv_tests/mul_behavior.smc	multiply/divide	Failed	text 8kf; | <fnjn`> | RDDIVL should hold RDMPYB afte  r multiply                                                      mul_behavior                                                    Failed #4	Passed	text 8kf; | <fnjn`> | mul_behavior                                                    Passed	158B	steady
067c4028a6b95bdc0d5dd59ff39e114d	src/higan-snes-test-roms/jonasquinn-test-roms/muldiv_tests/mul_timing.smc	multiply/divide	Failed	text 8kf; | <fnjn`> | CLK RDMPY RDDIV                 02  5325  0000                  03  5325  0000                  04  5325  0000                  05  5325  0000                  06  5325  0000                  07  5325  0000                  08  5325  0000                  09  5325  0000                  0A  5325  0000                  0B  5325  0000	Passed	text 8kf; | <fnjn`> | CLK RDMPY RDDIV                 02  0081  2069                  03  0285  1034                  04  0285  081A                  05  0285  040D                  06  12A5  0206                  07  12A5  0103                  08  5325  0081                  09  5325  0081                  0A  5325  0081                  0B  5325  0081	132B	steady
443cdf241ef718df614b0e19cba47341	src/higan-snes-test-roms/jonasquinn-test-roms/nmi_irq/demo_irq.smc	higan collection, other	Visual		Visual		same	steady
667794e8dc6420c12d2110e930a4e145	src/higan-snes-test-roms/jonasquinn-test-roms/nmi_irq/demo_nmi.smc	higan collection, other	Visual		Visual		same	steady
841befd99e1f88f5300a7a3b90323597	src/higan-snes-test-roms/jonasquinn-test-roms/nmi_irq/nmi_pf/test_nmi.smc	higan collection, other	Visual		Visual		same	steady
1fa8c9e4415bc3275c9d84b6b7169c7e	src/higan-snes-test-roms/jonasquinn-test-roms/old/intro/intro.smc	higan collection, other	Visual		Visual		same	steady
25c7ca4c6ecfd0827a3ca4a6dad33f57	src/higan-snes-test-roms/jonasquinn-test-roms/old/reset/reset.smc	higan collection, other	Visual		Visual		same	steady
cade0d6d0758be2889657825e2fa18b8	src/higan-snes-test-roms/jonasquinn-test-roms/rto/rto.smc	higan collection, other	Visual		Visual		same	steady
657ed9d8cbf4140c66c03dc91ac76fb1	src/higan-snes-test-roms/jonasquinn-test-roms/snes_adc_sbc/test_adc_16.smc	ADC/SBC	Passed	text 8kf; | <fnjn`> | Takes 10 seconds                                                test_adc_16                                                     Passed	Passed	text 8kf; | <fnjn`> | Takes 10 seconds                                                test_adc_16                                                     Passed	same	steady
ac38dba82ab51f45d262c64aa5f1fcca	src/higan-snes-test-roms/jonasquinn-test-roms/snes_adc_sbc/test_adc.smc	ADC/SBC	Passed	text 8kf; | <fnjn`> | Takes 15 seconds                                                test_adc                                                        Passed	Passed	text 8kf; | <fnjn`> | Takes 15 seconds                                                test_adc                                                        Passed	same	steady
af65c1c7b8c0783a6c3406987de757c5	src/higan-snes-test-roms/jonasquinn-test-roms/snes_adc_sbc/test_sbc_16.smc	ADC/SBC	Passed	text 8kf; | <fnjn`> | Takes 10 seconds                                                test_sbc_16                                                     Passed	Passed	text 8kf; | <fnjn`> | Takes 10 seconds                                                test_sbc_16                                                     Passed	same	steady
cec2c88b00b743dd059b2de5c5fe0cb0	src/higan-snes-test-roms/jonasquinn-test-roms/snes_adc_sbc/test_sbc.smc	ADC/SBC	Passed	text 8kf; | <fnjn`> | Takes 15 seconds                                                test_sbc                                                        Passed	Passed	text 8kf; | <fnjn`> | Takes 15 seconds                                                test_sbc                                                        Passed	same	steady
ba85e9ac366f5b94688e417af069b659	src/higan-snes-test-roms/jonasquinn-test-roms/snes_mul_div_timing/div_timing.smc	multiply/divide	Failed	text 8kf; | <fnjn`> | 4021 0001                       4021 0001                       4021 0001                       4021 0001                       4021 0001                       4021 0001                       4021 0001                       4021 0001                       4021 0001                       4021 0001                       4021 0001                       4021 0001	Passed	text 8kf; | <fnjn`> | FA01 0003                       FA01 0003                       FA01 0003                       F402 0003                       F402 0003                       F402 0003                       F402 0003                       E804 0003                       E804 0003                       E804 0003                       D008 0003                       D008 0003	141B	steady
7ff8b3b847196c5281004b1e54dea7d4	src/higan-snes-test-roms/jonasquinn-test-roms/snes_mul_div_timing/mul_timing.smc	multiply/divide	Failed	text 8kf; | <fnjn`> | 00FF                            ?                               ?                               00FF                            ?                               ?                               08FF                            00FF                            00FF                            ?                               00FF                            00FF	Failed	text 8kf; | <fnjn`> | 0003                            ?                               ?                               0007                            ?                               ?                               0807                            000F                            000F                            ?                               001F                            001F	26B	steady
8a4d116b5b271a762da8cf7734ab7eea	src/higan-snes-test-roms/jonasquinn-test-roms/snestest_082506/test_dma.smc	higan collection, other	Visual		Visual		1B	steady
ec0044f40646217dfac996a241112e69	src/higan-snes-test-roms/jonasquinn-test-roms/snestest_082506/test_dot_timing.smc	higan collection, other	Visual		Visual		same	steady
a1189882a42d5303eeda643a5cffe591	src/higan-snes-test-roms/jonasquinn-test-roms/snestest_082506/test_hdma.smc	higan collection, other	Visual		Visual		same	steady
9e3ad91fc12a9a09f8e598f1ff25843b	src/higan-snes-test-roms/jonasquinn-test-roms/snestest_082506/test_nmi.smc	higan collection, other	Visual		Visual		same	steady
3ef3d42c77ced8b84b5daa351fc73ecc	src/higan-snes-test-roms/jonasquinn-test-roms/snestest_082506/test_oam.smc	higan collection, other	Visual		Visual		same	steady
c83f24600f0207943ccbe4efe8094460	src/higan-snes-test-roms/jonasquinn-test-roms/snestest_082506/test_opt.smc	higan collection, other	Visual		Visual		same	steady
bdb0f5337c2a237b66919b1a1d974519	src/higan-snes-test-roms/jonasquinn-test-roms/snestest_082506/test_vram.smc	higan collection, other	Visual		Visual		same	steady
a207ded86af4983f0bb0fba9c217e312	src/higan-snes-test-roms/jonasquinn-test-roms/snestest_082506/test_vram_timing.smc	higan collection, other	Visual		Visual		same	steady
6971b672823755034438e3bc9f75b309	src/higan-snes-test-roms/jonasquinn-test-roms/snes_test_tsc.smc	higan collection, other	Passed	text 8kf; | <fnjn`> | 0100 30   017F 30   0100 30     0180 30   01FF 30   0100 30     01FF 30   0100 30               0100 7C   017F 7C   0100 7C     0180 7C   01FF 7C   0100 7C     01FF 7C   0100 7C                                               test_tsc                                                        Passed	Passed	text 8kf; | <fnjn`> | 0100 30   017F 30   0100 30     0180 30   01FF 30   0100 30     01FF 30   0100 30               0100 7C   017F 7C   0100 7C     0180 7C   01FF 7C   0100 7C     01FF 7C   0100 7C                                               test_tsc                                                        Passed	same	steady
aa56451b7bc44e9885e210784d119b49	src/higan-snes-test-roms/jonasquinn-test-roms/test_adc_sbc/test_adc.smc	ADC/SBC	Passed	text 8kf; | <fnjn`> | Passed	Passed	text 8kf; | <fnjn`> | Passed	same	steady
20b4b09384e3dd812acb2406b942b61e	src/higan-snes-test-roms/jonasquinn-test-roms/test_adc_sbc/test_sbc.smc	ADC/SBC	Passed	text 8kf; | <fnjn`> | Passed	Passed	text 8kf; | <fnjn`> | Passed	same	steady
a64a804447f1055780f1bee3967db47b	src/higan-snes-test-roms/jonasquinn-test-roms/test_dmatiming/demo.smc	higan collection, other	Visual		Visual		11B	steady
9770ed0f173c7d495d5ddc3cfc82f877	src/higan-snes-test-roms/jonasquinn-test-roms/test_dmavalid_v01/test_dmavalid.smc	higan collection, other	Visual		Visual		same	steady
7e4f973163f31ff57812d26be77c5a0e	src/higan-snes-test-roms/jonasquinn-test-roms/test_hdmadisable/test_hdmadisable.smc	higan collection, other	Visual		Visual		same	steady
7daafb8dd4fed685dd710cc01889a0d3	src/higan-snes-test-roms/jonasquinn-test-roms/test_math/test_math.sfc	higan collection, other	Visual		Visual		same	steady
31572a794334e95ced79ee4dfe2bbc39	src/higan-snes-test-roms/jonasquinn-test-roms/test_mdrhdma2/test_mdrhdma.sfc	higan collection, other	Visual		Visual		same	steady
b91301740f67c42cdb490544f4597b24	src/higan-snes-test-roms/jonasquinn-test-roms/test_mdrhdma/test_dmasync.smc	higan collection, other	Visual		Visual		same	steady
1b3bef5d1ab1de13156df1c56453cbca	src/higan-snes-test-roms/jonasquinn-test-roms/test_mdrhdma/test_dmavalid.smc	higan collection, other	Visual		Visual		same	steady
dcbc965a7e3a929dc11bf7231b2a93a8	src/higan-snes-test-roms/jonasquinn-test-roms/test_mdrhdma/test_mdrhdma.sfc	higan collection, other	Visual		Visual		same	steady
64a3b8d75ea66d12371c1c527e0392ca	src/higan-snes-test-roms/jonasquinn-test-roms/test_mul/test_mul.sfc	multiply/divide	Visual		Visual		same	steady
eb17dfa0219583c188cccbebb160e5f6	src/higan-snes-test-roms/jonasquinn-test-roms/test_ppu/test_hello.sfc	higan collection, other	Visual		Visual		same	steady
d09a6f196f3330325453b574e860b463	src/higan-snes-test-roms/jonasquinn-test-roms/test_ppu/test_noise.sfc	higan collection, other	Visual		Visual		same	steady
06ab8120a8772d7c0d30ff94dec16f3f	src/higan-snes-test-roms/ladida-lol/Ladida_lol.sfc	higan collection, other	Visual		Visual		same	steady
1c3a18fc4759adb16dc954f292a753fc	src/higan-snes-test-roms/lidnariq-ppu-bus-activity/ppubusact.sfc	higan collection, other	Visual		Visual		same	steady
36666462c58087cff51981d53f9b0821	src/higan-snes-test-roms/lidnariq-smp-clock-speed-measurement/smpspeed.sfc	higan collection, other	Visual		Visual		16B	moving
421acd525cb6f507247349090d82761e	src/higan-snes-test-roms/Motive-test-ROMs/HblankEmuTest.sfc	higan collection, other	Visual		Visual		same	steady
ebc118e6d2210ab6795a1f1ee01d14e8	src/higan-snes-test-roms/Motive-test-ROMs/SplitScreen.sfc	higan collection, other	Visual		Visual		same	steady
28a64a7b01d4d268c887a4e81d2fbfd5	src/higan-snes-test-roms/PeterLemon/SNES-CHIP-GSU-GSUTest/ADC/GSUADC.sfc	PeterLemon GSU	Passed	peterlemon shown=16 fail=0 steady=1	Passed	peterlemon shown=16 fail=0 steady=1	same	steady
e395d9176ecab4ac13e2aab270132d79	src/higan-snes-test-roms/PeterLemon/SNES-CHIP-GSU-GSUTest/ADD/GSUADD.sfc	PeterLemon GSU	Passed	peterlemon shown=16 fail=0 steady=1	Passed	peterlemon shown=16 fail=0 steady=1	same	steady
ed2c50f900e7fbc69095d036328b3ddb	src/higan-snes-test-roms/PeterLemon/SNES-CHIP-GSU-GSUTest/AND/GSUAND.sfc	PeterLemon GSU	Passed	peterlemon shown=16 fail=0 steady=1	Passed	peterlemon shown=16 fail=0 steady=1	same	steady
65e191c91dcd15eacc7ebea790daca74	src/higan-snes-test-roms/PeterLemon/SNES-CHIP-GSU-GSUTest/ASR/GSUASR.sfc	PeterLemon GSU	Passed	peterlemon shown=15 fail=0 steady=1	Passed	peterlemon shown=15 fail=0 steady=1	same	steady
bc1dbb7a9b6c0aa7399049ef6aae9735	src/higan-snes-test-roms/PeterLemon/SNES-CHIP-GSU-GSUTest/BIC/GSUBIC.sfc	PeterLemon GSU	Passed	peterlemon shown=16 fail=0 steady=1	Passed	peterlemon shown=16 fail=0 steady=1	same	steady
4831f8d389fdbb7b4495c60a8fdad2b0	src/higan-snes-test-roms/PeterLemon/SNES-CHIP-GSU-GSUTest/CACHEINJECT/GSUCACHEINJECT.sfc	PeterLemon GSU	Passed	peterlemon shown=2 fail=0 steady=1	Passed	peterlemon shown=2 fail=0 steady=1	same	steady
f21e1b0318111d7747e60b51746a5ed2	src/higan-snes-test-roms/PeterLemon/SNES-CHIP-GSU-GSUTest/CMP/GSUCMP.sfc	PeterLemon GSU	Passed	peterlemon shown=16 fail=0 steady=1	Passed	peterlemon shown=16 fail=0 steady=1	same	steady
50d75fdff98dbad572e6020dc9709406	src/higan-snes-test-roms/PeterLemon/SNES-CHIP-GSU-GSUTest/DEC/GSUDEC.sfc	PeterLemon GSU	Passed	peterlemon shown=14 fail=0 steady=1	Passed	peterlemon shown=14 fail=0 steady=1	same	steady
73cb73508f58a9a56945fe17ba0e033b	src/higan-snes-test-roms/PeterLemon/SNES-CHIP-GSU-GSUTest/DIV2/GSUDIV2.sfc	PeterLemon GSU	Passed	peterlemon shown=15 fail=0 steady=1	Passed	peterlemon shown=15 fail=0 steady=1	same	steady
069ce2a17fa0be297b989cfe37f22ef5	src/higan-snes-test-roms/PeterLemon/SNES-CHIP-GSU-GSUTest/FMULT/GSUFMULT.sfc	PeterLemon GSU	Passed	peterlemon shown=16 fail=0 steady=1	Passed	peterlemon shown=16 fail=0 steady=1	same	steady
110951b538b8883f019f946832b22c99	src/higan-snes-test-roms/PeterLemon/SNES-CHIP-GSU-GSUTest/HIB/GSUHIB.sfc	PeterLemon GSU	Passed	peterlemon shown=15 fail=0 steady=1	Passed	peterlemon shown=15 fail=0 steady=1	same	steady
6da720fccd2dbd7b94d4e17de38f1a87	src/higan-snes-test-roms/PeterLemon/SNES-CHIP-GSU-GSUTest/IBT/GSUIBT.sfc	PeterLemon GSU	Passed	peterlemon shown=14 fail=0 steady=1	Passed	peterlemon shown=14 fail=0 steady=1	same	steady
d1342b4d3a45378dd44986e6fcf1f563	src/higan-snes-test-roms/PeterLemon/SNES-CHIP-GSU-GSUTest/INC/GSUINC.sfc	PeterLemon GSU	Passed	peterlemon shown=14 fail=0 steady=1	Passed	peterlemon shown=14 fail=0 steady=1	same	steady
45f4eb5f53af29081a6b10af0d3efc71	src/higan-snes-test-roms/PeterLemon/SNES-CHIP-GSU-GSUTest/IWT/GSUIWT.sfc	PeterLemon GSU	Passed	peterlemon shown=14 fail=0 steady=1	Passed	peterlemon shown=14 fail=0 steady=1	same	steady
9c6c509b1bcb06cf83c1912dd0e821db	src/higan-snes-test-roms/PeterLemon/SNES-CHIP-GSU-GSUTest/LMULT/GSULMULT.sfc	PeterLemon GSU	Passed	peterlemon shown=16 fail=0 steady=1	Passed	peterlemon shown=16 fail=0 steady=1	same	steady
54c82fba4c1660d0e32aefb555376cc0	src/higan-snes-test-roms/PeterLemon/SNES-CHIP-GSU-GSUTest/LOB/GSULOB.sfc	PeterLemon GSU	Passed	peterlemon shown=15 fail=0 steady=1	Passed	peterlemon shown=15 fail=0 steady=1	same	steady
946e44f2579e261a2446753b6119252f	src/higan-snes-test-roms/PeterLemon/SNES-CHIP-GSU-GSUTest/LSR/GSULSR.sfc	PeterLemon GSU	Passed	peterlemon shown=15 fail=0 steady=1	Passed	peterlemon shown=15 fail=0 steady=1	same	steady
63a810cb4bc8c0e5b57d80ddb210de17	src/higan-snes-test-roms/PeterLemon/SNES-CHIP-GSU-GSUTest/MERGE/GSUMERGE.sfc	PeterLemon GSU	Passed	peterlemon shown=14 fail=0 steady=1	Passed	peterlemon shown=14 fail=0 steady=1	same	steady
935e9b46a26535787283d8f6af7d1be0	src/higan-snes-test-roms/PeterLemon/SNES-CHIP-GSU-GSUTest/MOVE/GSUMOVE.sfc	PeterLemon GSU	Passed	peterlemon shown=14 fail=0 steady=1	Passed	peterlemon shown=14 fail=0 steady=1	same	steady
c859b9a82edd67bd2d0d6062cfa31c96	src/higan-snes-test-roms/PeterLemon/SNES-CHIP-GSU-GSUTest/MOVES/GSUMOVES.sfc	PeterLemon GSU	Passed	peterlemon shown=14 fail=0 steady=1	Passed	peterlemon shown=14 fail=0 steady=1	same	steady
678191fca295d8eb9e125192a50b32ef	src/higan-snes-test-roms/PeterLemon/SNES-CHIP-GSU-GSUTest/MULT/GSUMULT.sfc	PeterLemon GSU	Passed	peterlemon shown=16 fail=0 steady=1	Passed	peterlemon shown=16 fail=0 steady=1	same	steady
8445f78abaf06f1be9837b6da138afa2	src/higan-snes-test-roms/PeterLemon/SNES-CHIP-GSU-GSUTest/NOT/GSUNOT.sfc	PeterLemon GSU	Passed	peterlemon shown=15 fail=0 steady=1	Passed	peterlemon shown=15 fail=0 steady=1	same	steady
ff8122e386e1f9f2eb149463b393c5d1	src/higan-snes-test-roms/PeterLemon/SNES-CHIP-GSU-GSUTest/OR/GSUOR.sfc	PeterLemon GSU	Passed	peterlemon shown=16 fail=0 steady=1	Passed	peterlemon shown=16 fail=0 steady=1	same	steady
e68cd3eb608975f712a9a9548fbde566	src/higan-snes-test-roms/PeterLemon/SNES-CHIP-GSU-GSUTest/ROL/GSUROL.sfc	PeterLemon GSU	Passed	peterlemon shown=15 fail=0 steady=1	Passed	peterlemon shown=15 fail=0 steady=1	same	steady
9334a95d24bafc942f6c4906c327ee01	src/higan-snes-test-roms/PeterLemon/SNES-CHIP-GSU-GSUTest/ROR/GSUROR.sfc	PeterLemon GSU	Passed	peterlemon shown=15 fail=0 steady=1	Passed	peterlemon shown=15 fail=0 steady=1	same	steady
f8a1b3bd29f342f193a1f95f362b4ab1	src/higan-snes-test-roms/PeterLemon/SNES-CHIP-GSU-GSUTest/SBC/GSUSBC.sfc	PeterLemon GSU	Passed	peterlemon shown=16 fail=0 steady=1	Passed	peterlemon shown=16 fail=0 steady=1	same	steady
1e06299959a1b18459a4bcc27d48ed16	src/higan-snes-test-roms/PeterLemon/SNES-CHIP-GSU-GSUTest/SEX/GSUSEX.sfc	PeterLemon GSU	Passed	peterlemon shown=15 fail=0 steady=1	Passed	peterlemon shown=15 fail=0 steady=1	same	steady
99fbac6cfc195952beaaec05e363f99b	src/higan-snes-test-roms/PeterLemon/SNES-CHIP-GSU-GSUTest/SUB/GSUSUB.sfc	PeterLemon GSU	Passed	peterlemon shown=16 fail=0 steady=1	Passed	peterlemon shown=16 fail=0 steady=1	same	steady
8d523e899f5361f745e56d809d78c58f	src/higan-snes-test-roms/PeterLemon/SNES-CHIP-GSU-GSUTest/SWAP/GSUSWAP.sfc	PeterLemon GSU	Passed	peterlemon shown=15 fail=0 steady=1	Passed	peterlemon shown=15 fail=0 steady=1	same	steady
d92248b828a78466059f3a1d4eff2d78	src/higan-snes-test-roms/PeterLemon/SNES-CHIP-GSU-GSUTest/UMULT/GSUUMULT.sfc	PeterLemon GSU	Passed	peterlemon shown=16 fail=0 steady=1	Passed	peterlemon shown=16 fail=0 steady=1	same	steady
bcb25aa39999c46249eac572ddd0697e	src/higan-snes-test-roms/PeterLemon/SNES-CHIP-GSU-GSUTest/XOR/GSUXOR.sfc	PeterLemon GSU	Passed	peterlemon shown=16 fail=0 steady=1	Passed	peterlemon shown=16 fail=0 steady=1	same	steady
9a02c2c13c044e104b04acd752d99bad	src/higan-snes-test-roms/PeterLemon/SNES-CPUTest-CPU/ADC/CPUADC.sfc	PeterLemon CPU	Passed	peterlemon shown=8 fail=0 steady=1	Passed	peterlemon shown=8 fail=0 steady=1	same	steady
b8b8944e7131fe8f50d8ebe9e8df08da	src/higan-snes-test-roms/PeterLemon/SNES-CPUTest-CPU/AND/CPUAND.sfc	PeterLemon CPU	Passed	peterlemon shown=4 fail=0 steady=1	Passed	peterlemon shown=4 fail=0 steady=1	same	steady
33581b8996c0181d3522f96404b261d2	src/higan-snes-test-roms/PeterLemon/SNES-CPUTest-CPU/ASL/CPUASL.sfc	PeterLemon CPU	Passed	peterlemon shown=4 fail=0 steady=1	Passed	peterlemon shown=4 fail=0 steady=1	same	steady
6c939b7ef184d3414ae0e951ddfbca03	src/higan-snes-test-roms/PeterLemon/SNES-CPUTest-CPU/BIT/CPUBIT.sfc	PeterLemon CPU	Passed	peterlemon shown=4 fail=0 steady=1	Passed	peterlemon shown=4 fail=0 steady=1	same	steady
3a61959aa8d8bf8c3c3650ce807fcff9	src/higan-snes-test-roms/PeterLemon/SNES-CPUTest-CPU/BRA/CPUBRA.sfc	PeterLemon CPU	Passed	peterlemon shown=10 fail=0 steady=1	Passed	peterlemon shown=10 fail=0 steady=1	same	steady
96f7eb78e2b8599c60d4970abb3c3065	src/higan-snes-test-roms/PeterLemon/SNES-CPUTest-CPU/CMP/CPUCMP.sfc	PeterLemon CPU	Passed	peterlemon shown=4 fail=0 steady=1	Passed	peterlemon shown=4 fail=0 steady=1	same	steady
21a1257568006001f816b355c4664060	src/higan-snes-test-roms/PeterLemon/SNES-CPUTest-CPU/DEC/CPUDEC.sfc	PeterLemon CPU	Passed	peterlemon shown=4 fail=0 steady=1	Passed	peterlemon shown=4 fail=0 steady=1	same	steady
07b4a7897907d459251bc9a66634e9ac	src/higan-snes-test-roms/PeterLemon/SNES-CPUTest-CPU/EOR/CPUEOR.sfc	PeterLemon CPU	Passed	peterlemon shown=4 fail=0 steady=1	Passed	peterlemon shown=4 fail=0 steady=1	same	steady
d17014ac4480dc4a6940974760e96d67	src/higan-snes-test-roms/PeterLemon/SNES-CPUTest-CPU/INC/CPUINC.sfc	PeterLemon CPU	Passed	peterlemon shown=4 fail=0 steady=1	Passed	peterlemon shown=4 fail=0 steady=1	same	steady
cd3eb7b732ba79ef175b8a5f09f2d133	src/higan-snes-test-roms/PeterLemon/SNES-CPUTest-CPU/JMP/CPUJMP.sfc	PeterLemon CPU	Passed	peterlemon shown=8 fail=0 steady=1	Passed	peterlemon shown=8 fail=0 steady=1	same	steady
b8d55b329a8d6495ee167fb816a407ac	src/higan-snes-test-roms/PeterLemon/SNES-CPUTest-CPU/LDR/CPULDR.sfc	PeterLemon CPU	Passed	peterlemon shown=4 fail=0 steady=1	Passed	peterlemon shown=4 fail=0 steady=1	same	steady
3e794ac95ed85d8f0f10a5bc3047fc64	src/higan-snes-test-roms/PeterLemon/SNES-CPUTest-CPU/LSR/CPULSR.sfc	PeterLemon CPU	Passed	peterlemon shown=4 fail=0 steady=1	Passed	peterlemon shown=4 fail=0 steady=1	same	steady
f372af5576a01c905a929041ca839aa7	src/higan-snes-test-roms/PeterLemon/SNES-CPUTest-CPU/MOV/CPUMOV.sfc	PeterLemon CPU	Passed	peterlemon shown=4 fail=0 steady=1	Passed	peterlemon shown=4 fail=0 steady=1	same	steady
af3407bd66c03ee4ce8312917b5f1034	src/higan-snes-test-roms/PeterLemon/SNES-CPUTest-CPU/MSC/CPUMSC.sfc	PeterLemon CPU	Passed	peterlemon shown=6 fail=0 steady=1	Passed	peterlemon shown=6 fail=0 steady=1	same	steady
59678c03a1e70e7745e16c04f36eacb5	src/higan-snes-test-roms/PeterLemon/SNES-CPUTest-CPU/ORA/CPUORA.sfc	PeterLemon CPU	Passed	peterlemon shown=4 fail=0 steady=1	Passed	peterlemon shown=4 fail=0 steady=1	same	steady
87c772f6a7cfcb1c8129fb7678430701	src/higan-snes-test-roms/PeterLemon/SNES-CPUTest-CPU/PHL/CPUPHL.sfc	PeterLemon CPU	Passed	peterlemon shown=4 fail=0 steady=1	Passed	peterlemon shown=4 fail=0 steady=1	same	steady
2c22f8604cf568a1a1547f4399d0da41	src/higan-snes-test-roms/PeterLemon/SNES-CPUTest-CPU/PSR/CPUPSR.sfc	PeterLemon CPU	Passed	peterlemon shown=9 fail=0 steady=1	Passed	peterlemon shown=9 fail=0 steady=1	same	steady
c4526b1550e54c95ca36a7596f3d3ca3	src/higan-snes-test-roms/PeterLemon/SNES-CPUTest-CPU/RET/CPURET.sfc	PeterLemon CPU	Passed	peterlemon shown=3 fail=0 steady=1	Passed	peterlemon shown=3 fail=0 steady=1	same	steady
8d096e89099b408c27ba52f018db353b	src/higan-snes-test-roms/PeterLemon/SNES-CPUTest-CPU/ROL/CPUROL.sfc	PeterLemon CPU	Passed	peterlemon shown=4 fail=0 steady=1	Passed	peterlemon shown=4 fail=0 steady=1	same	steady
1647b9a012e0e302eb8babc50145dff0	src/higan-snes-test-roms/PeterLemon/SNES-CPUTest-CPU/ROR/CPUROR.sfc	PeterLemon CPU	Passed	peterlemon shown=4 fail=0 steady=1	Passed	peterlemon shown=4 fail=0 steady=1	same	steady
38d61363ddc37efea5ad3e2a771413fe	src/higan-snes-test-roms/PeterLemon/SNES-CPUTest-CPU/SBC/CPUSBC.sfc	PeterLemon CPU	Passed	peterlemon shown=8 fail=0 steady=1	Passed	peterlemon shown=8 fail=0 steady=1	same	steady
05e17056d871cf078d9f8bea1054c347	src/higan-snes-test-roms/PeterLemon/SNES-CPUTest-CPU/STR/CPUSTR.sfc	PeterLemon CPU	Passed	peterlemon shown=2 fail=0 steady=1	Passed	peterlemon shown=2 fail=0 steady=1	same	steady
92fe19a656985f083ebdbfd91a27b18a	src/higan-snes-test-roms/PeterLemon/SNES-CPUTest-CPU/TRN/CPUTRN.sfc	PeterLemon CPU	Passed	peterlemon shown=3 fail=0 steady=1	Passed	peterlemon shown=3 fail=0 steady=1	same	steady
df5f7aeb40ad8b8db7961d77d87fefd6	src/higan-snes-test-roms/PeterLemon/SNES-CPUTest-SPC700/ADC/SPC700ADC.sfc	PeterLemon SPC700	Passed	peterlemon shown=2 fail=0 steady=1	Passed	peterlemon shown=2 fail=0 steady=1	same	steady
9044f500d98fe22cdc19b951980abced	src/higan-snes-test-roms/PeterLemon/SNES-CPUTest-SPC700/AND/SPC700AND.sfc	PeterLemon SPC700	Passed	peterlemon shown=2 fail=0 steady=1	Passed	peterlemon shown=2 fail=0 steady=1	same	steady
97de5714397657f9590a820700e4c2ab	src/higan-snes-test-roms/PeterLemon/SNES-CPUTest-SPC700/DEC/SPC700DEC.sfc	PeterLemon SPC700	Passed	peterlemon shown=2 fail=0 steady=1	Passed	peterlemon shown=2 fail=0 steady=1	same	steady
e98814361cbd8bbdbcc13b11acbea9f3	src/higan-snes-test-roms/PeterLemon/SNES-CPUTest-SPC700/EOR/SPC700EOR.sfc	PeterLemon SPC700	Passed	peterlemon shown=2 fail=0 steady=1	Passed	peterlemon shown=2 fail=0 steady=1	same	steady
c670c8a8331c6c5f7c6674917b63a9ee	src/higan-snes-test-roms/PeterLemon/SNES-CPUTest-SPC700/INC/SPC700INC.sfc	PeterLemon SPC700	Passed	peterlemon shown=2 fail=0 steady=1	Passed	peterlemon shown=2 fail=0 steady=1	same	steady
eb08cb308bcb02e14be081954f77caf7	src/higan-snes-test-roms/PeterLemon/SNES-CPUTest-SPC700/ORA/SPC700ORA.sfc	PeterLemon SPC700	Passed	peterlemon shown=2 fail=0 steady=1	Passed	peterlemon shown=2 fail=0 steady=1	same	steady
84c7a7355afb99429edd2f72c18eda58	src/higan-snes-test-roms/PeterLemon/SNES-CPUTest-SPC700/SBC/SPC700SBC.sfc	PeterLemon SPC700	Passed	peterlemon shown=2 fail=0 steady=1	Passed	peterlemon shown=2 fail=0 steady=1	same	steady
afa3a31949f65d3665b41e06ef25c7ca	src/higan-snes-test-roms/Sour/SnesTests/dma_irq_test/dma_irq_test.sfc	higan collection, other	Visual		Visual		16B	steady
4b79a45a9b2cac9f139f3625cfbd130d	src/higan-snes-test-roms/Sour/SnesTests/op_timing_test/op_timing_test_v2.sfc	higan collection, other	Visual		Visual		364B	moving
66b0328113fb376073be88e74beb903e	src/higan-snes-test-roms/Sour/SnesTests/timing_test/src/test.sfc	higan collection, other	Visual		Visual		36B	steady
2b2a2f305f62557e18348c93eb1ce886	src/higan-snes-test-roms/Sour/SnesTests/timing_test/timing_test.sfc	higan collection, other	Visual		Visual		37B	steady
d2a411a12b1a71efb7cb4b7912ae5028	src/higan-snes-test-roms/tepples-tellinglys/tellinglys.sfc	higan collection, other	Visual		Visual		same	steady
ae5d5e8f893cb14b0ff6e8e88debda5f	src/higan-snes-test-roms/tukuyomi-bsnes-tests/demo_mode3.smc	higan collection, other	Visual		Visual		same	steady
cf62b6d186954e6f5d9feec3adc8ffbc	src/higan-snes-test-roms/VitorVilela7/SnesSpeedTest/speed_test_v51.sfc	higan collection, other	Visual		Visual		86B	moving
eb267e4640e509d6230337cc6e2364f2	src/undisbeliever-snes-test-roms/bin/65816-examples/arguments-after-jsr.sfc	undisbeliever	Visual		Visual		same	steady
1a61fb48af31d8a84bdc8193fe87b182	src/undisbeliever-snes-test-roms/bin/effects/hdma-textbox-wipe.sfc	undisbeliever	Visual		Visual		same	steady
5b049f1974f89985cc1451668c826924	src/undisbeliever-snes-test-roms/bin/effects/inidisp_extend_vblank.sfc	undisbeliever	Visual		Visual		same	steady
2183db6009d603c1d6ece44bc2c8afda	src/undisbeliever-snes-test-roms/bin/effects/inidisp_fadein_fadeout.sfc	undisbeliever	Visual		Visual		same	steady
5315a5a7983f2eef2f9022b0f895eb42	src/undisbeliever-snes-test-roms/bin/effects/repeating_hdma_pattern.sfc	undisbeliever	Visual		Visual		same	steady
71939bc11eaa95cc093df2b9320bddd6	src/undisbeliever-snes-test-roms/bin/effects/vmain-1bpp-tiles-0.sfc	undisbeliever	Visual		Visual		same	steady
16eb8c2fa7c4ae7927fe1cea848d76e5	src/undisbeliever-snes-test-roms/bin/effects/vmain-1bpp-tiles-1.sfc	undisbeliever	Visual		Visual		same	steady
d9183ccc5a8f13478e98ea5030e4d3b6	src/undisbeliever-snes-test-roms/bin/effects/vmain-horizontal-scrolling.sfc	undisbeliever	Visual		Visual		same	moving
79a41eedd05a5ca930d9eac805dc36f1	src/undisbeliever-snes-test-roms/bin/effects/vmain-mode7-tilemap-columns.sfc	undisbeliever	Visual		Visual		128B	moving
3aac7ef4f4fc40ac7dfb8560d1a7d3b5	src/undisbeliever-snes-test-roms/bin/effects/vmain-mode7-tilemap-rows.sfc	undisbeliever	Visual		Visual		128B	moving
c6ce2e2250a00f11993356d45d35e101	src/undisbeliever-snes-test-roms/bin/effects/vmain-vertical-scrolling-2-rows.sfc	undisbeliever	Visual		Visual		same	steady
f2e90324631dfeebca772b756f85c278	src/undisbeliever-snes-test-roms/bin/effects/vmain-vertical-scrolling.sfc	undisbeliever	Visual		Visual		same	moving
3a71e54dd0667f69f52dddb88b82e622	src/undisbeliever-snes-test-roms/bin/effects/window-mask-logic.sfc	undisbeliever	Visual		Visual		same	steady
3fcca2212a3b5940f117e6855c82b28b	src/undisbeliever-snes-test-roms/bin/effects/window-precalculated-single.sfc	undisbeliever	Visual		Visual		same	steady
d5caf826e84ab8adcccc0f21f4ef383e	src/undisbeliever-snes-test-roms/bin/effects/window-precalculated-symmetrical.sfc	undisbeliever	Visual		Visual		same	steady
5172b34df174a69ff9bb09b10add618d	src/undisbeliever-snes-test-roms/bin/effects/window-shapes-single.sfc	undisbeliever	Visual		Visual		same	steady
0aa6bf2ff717757ffa9d2da42e778fdd	src/undisbeliever-snes-test-roms/bin/examples/hdma-160scanline-hdma-entry.sfc	undisbeliever	Visual		Visual		same	steady
f6d6057b9b9a48eb4c3d0a7d10ded833	src/undisbeliever-snes-test-roms/bin/examples/hdma-double-buffered-indirect-shear.sfc	undisbeliever	Visual		Visual		same	steady
a803465c0759af332133384fe3037428	src/undisbeliever-snes-test-roms/bin/examples/hdma-double-buffered-parallax.sfc	undisbeliever	Visual		Visual		same	steady
bdd41f48df438009ed6d8a5e6d785175	src/undisbeliever-snes-test-roms/bin/examples/hdma-indirect-mapping.sfc	undisbeliever	Visual		Visual		same	steady
1739d42cbafb0785b2d637ac8336778b	src/undisbeliever-snes-test-roms/bin/examples/hdma-indirect-repeating-pattern.sfc	undisbeliever	Visual		Visual		same	steady
eeabef785c74e543f9a474ae774fb988	src/undisbeliever-snes-test-roms/bin/examples/hdma-repeat-entry.sfc	undisbeliever	Visual		Visual		same	steady
01ec51ad73189006fec3accc6f14c2d1	src/undisbeliever-snes-test-roms/bin/examples/hdma-to-cgram.sfc	undisbeliever	Visual		Visual		same	steady
b37bae269e3d058ee74da83d4bf78e1c	src/undisbeliever-snes-test-roms/bin/examples/textbuffer-hello-world.sfc	undisbeliever	Visual		Visual		1B	moving
1f9d8f6a1efa29b415b58225ceed9276	src/undisbeliever-snes-test-roms/bin/examples/vram-writes-without-dma.sfc	undisbeliever	Visual		Visual		same	steady
c36cb7bedef88b425949678a9de87c9a	src/undisbeliever-snes-test-roms/bin/hardware-glitch-tests/dma-ends-at-hdma-start/dma-ends-hdma-start-1-ch.sfc	undisbeliever	Visual		Visual		5B	moving
f923ddf65d11f04dda62f4b64c0f3644	src/undisbeliever-snes-test-roms/bin/hardware-glitch-tests/dma-ends-at-hdma-start/hdma-failure-last-dma-value-test.sfc	undisbeliever	Visual		Visual		same	moving
e49802a094aaddc3dd7e7213a0698e5b	src/undisbeliever-snes-test-roms/bin/hardware-glitch-tests/inidisp-early-read-glitch-hdma/hdma-2100-glitch-2ch-0a.sfc	undisbeliever	Visual		Visual		same	steady
e65b6024ff060f5825562ee585d60160	src/undisbeliever-snes-test-roms/bin/hardware-glitch-tests/inidisp-early-read-glitch-hdma/hdma-2100-glitch-2ch-81.sfc	undisbeliever	Visual		Visual		same	steady
58f1f6193a9f22f02663efa02dff8dff	src/undisbeliever-snes-test-roms/bin/hardware-glitch-tests/inidisp-early-read-glitch-hdma/hdma-2100-glitch.sfc	undisbeliever	Visual		Visual		same	steady
b36ad09891a754655c1e4924300a4653	src/undisbeliever-snes-test-roms/bin/hardware-glitch-tests/inidisp-early-read-glitch-hdma/hdma-21ff-2100-0f-glitch.sfc	undisbeliever	Visual		Visual		same	steady
f80c305f536b46d94e929c1dd35e77cd	src/undisbeliever-snes-test-roms/bin/hardware-glitch-tests/inidisp-early-read-glitch-hdma/hdma-21ff-2100-glitch.sfc	undisbeliever	Visual		Visual		same	steady
b48d3dee7e8f977454f3dbb3a58dc5bf	src/undisbeliever-snes-test-roms/bin/hardware-glitch-tests/inidisp-early-read-glitch-hdma/hdma-21ff-glitch.sfc	undisbeliever	Visual		Visual		same	steady
154dc9269849c110fe574ca77af53733	src/undisbeliever-snes-test-roms/bin/hardware-glitch-tests/inidisp-early-read-glitch/inidisp-d7-glitch-test.sfc	undisbeliever	Visual		Visual		same	steady
b746f3eb782e1c4c7456d24c71ae6545	src/undisbeliever-snes-test-roms/bin/hardware-glitch-tests/inidisp-early-read-glitch/inidisp-hammer-0f00.sfc	undisbeliever	Visual		Visual		same	steady
4e89b6606b804f4188b14d10a1674e75	src/undisbeliever-snes-test-roms/bin/hardware-glitch-tests/inidisp-early-read-glitch/inidisp-hammer-0f0f.sfc	undisbeliever	Visual		Visual		same	steady
c5de409cfad1749a39b82da28a0cf46a	src/undisbeliever-snes-test-roms/bin/hardware-glitch-tests/inidisp-early-read-glitch/inidisp-hammer-0f8f-fast.sfc	undisbeliever	Visual		Visual		same	steady
68751677b27fedc2710457580599d2ca	src/undisbeliever-snes-test-roms/bin/hardware-glitch-tests/inidisp-early-read-glitch/inidisp-hammer-0f8f.sfc	undisbeliever	Visual		Visual		same	steady
ad9c747492f9a7c10124e3d372d2b298	src/undisbeliever-snes-test-roms/bin/hardware-glitch-tests/inidisp-early-read-glitch/inidisp-hammer-0f-long.sfc	undisbeliever	Visual		Visual		same	steady
62c3d8eb538bf56e297a5ed61dc145e8	src/undisbeliever-snes-test-roms/bin/hardware-glitch-tests/inidisp-early-read-glitch/inidisp-hammer-0f.sfc	undisbeliever	Visual		Visual		same	steady
d20051c39d4fc4e44384b39bcecf6684	src/undisbeliever-snes-test-roms/bin/hardware-glitch-tests/inidisp-early-read-glitch/inidisp-hammer-8f0f.sfc	undisbeliever	Visual		Visual		same	steady
5dd687760a7598cd2ab488e3d48c2889	src/undisbeliever-snes-test-roms/bin/hardware-glitch-tests/inidisp-early-read-glitch/inidisp-hammer-long-0f2100.sfc	undisbeliever	Visual		Visual		same	steady
7e19c9ba634c86c362226d3eca960223	src/undisbeliever-snes-test-roms/bin/hardware-glitch-tests/quick-model-1-dma-crash/quick-model1-dma-crash-4.sfc	undisbeliever	Visual		Visual		same	steady
20e8129035628af829e2fed0f0b115a8	src/undisbeliever-snes-test-roms/bin/hardware-glitch-tests/quick-model-1-dma-crash/quick-model1-dma-crash-5.sfc	undisbeliever	Visual		Visual		same	steady
6b0fb1ce4b96f0fd0eda8a0f13e9a0c0	src/undisbeliever-snes-test-roms/bin/hardware-glitch-tests/quick-model-1-dma-crash/quick-model1-dma-crash-6.sfc	undisbeliever	Visual		Visual		same	steady
7a1ee34bf4666637d5c0c365277cdce3	src/undisbeliever-snes-test-roms/bin/hardware-glitch-tests/quick-model-1-dma-crash/quick-model1-dma-crash-7.sfc	undisbeliever	Visual		Visual		same	steady
713f0cc6131e5f0c664e8f3e2eff9f04	src/undisbeliever-snes-test-roms/bin/hardware-glitch-tests/quick-model-1-dma-crash/quick-model1-dma-crash-irq-4.sfc	undisbeliever	Visual		Visual		same	steady
42592e7f542b49bc1c2e72641bd66614	src/undisbeliever-snes-test-roms/bin/hardware-glitch-tests/quick-model-1-dma-crash/quick-model1-dma-crash-irq-5.sfc	undisbeliever	Visual		Visual		same	steady
34b2dda7bef538622a99f7b60f9b63c0	src/undisbeliever-snes-test-roms/bin/hardware-glitch-tests/quick-model-1-dma-crash/quick-model1-dma-crash-irq-6.sfc	undisbeliever	Visual		Visual		same	steady
3c6d41372ac3b5a06bac3a46bc57a681	src/undisbeliever-snes-test-roms/bin/hardware-glitch-tests/quick-model-1-dma-crash/quick-model1-dma-crash-irq-7.sfc	undisbeliever	Visual		Visual		same	steady
9c8c55a705de603e659a19d33eedd042	src/undisbeliever-snes-test-roms/bin/hardware-glitch-tests/scpu-a-dma-bug/scpu-a-dma-bug-1.sfc	undisbeliever	Visual		Visual		same	steady
4b60351923ac74599e907dce432fd787	src/undisbeliever-snes-test-roms/bin/hardware-glitch-tests/scpu-a-dma-bug/scpu-a-dma-bug-2.sfc	undisbeliever	Visual		Visual		same	steady
5c48af7dc6a6a525089e829e243263a8	src/undisbeliever-snes-test-roms/bin/hardware-glitch-tests/scpu-a-dma-bug/scpu-a-dma-bug-3.sfc	undisbeliever	Visual		Visual		same	steady
aa5d57c023c5d15806d4ca210356023a	src/undisbeliever-snes-test-roms/bin/hardware-glitch-tests/scpu-a-dma-bug/scpu-a-dma-bug-5.sfc	undisbeliever	Visual		Visual		same	steady
46897c78ad880bc22fd4591d5c3e89d2	src/undisbeliever-snes-test-roms/bin/hardware-glitch-tests/scpu-a-dma-bug/scpu-a-dma-bug-ch0.sfc	undisbeliever	Visual		Visual		same	steady
6fe61f3644bdb4e1729672c2d3256cb9	src/undisbeliever-snes-test-roms/bin/hardware-glitch-tests/scpu-a-dma-bug/scpu-a-dma-bug-fix2.sfc	undisbeliever	Visual		Visual		same	steady
804f327a85b759ad19992dc565a102a6	src/undisbeliever-snes-test-roms/bin/hardware-glitch-tests/scpu-a-dma-bug/scpu-a-dma-bug-fix.sfc	undisbeliever	Visual		Visual		same	steady
2f312a344ba381185a067f1208942182	src/undisbeliever-snes-test-roms/bin/hardware-glitch-tests/scpu-a-dma-bug/scpu-a-dma-bug-r2.sfc	undisbeliever	Visual		Visual		same	steady
93f1563debc891ec1c869b56d1fd8c44	src/undisbeliever-snes-test-roms/bin/hardware-glitch-tests/scpu-a-dma-bug/scpu-a-dma-bug-strange.sfc	undisbeliever	Visual		Visual		same	steady
9bdfd758e8a7f33118785605776a783d	src/undisbeliever-snes-test-roms/bin/hardware-glitch-tests/scpu-a-dma-bug/scpu-a-dma-bug-two-regs.sfc	undisbeliever	Visual		Visual		same	steady
2f634b57c92e38551418cbc4271779c8	src/undisbeliever-snes-test-roms/bin/hardware-glitch-tests/setini-early-read-mode7ex.sfc	undisbeliever	Visual		Visual		same	steady
961d78f1971503c9ce4ede06223e261c	src/undisbeliever-snes-test-roms/bin/hardware-glitch-tests/setini-early-read-obj.sfc	undisbeliever	Visual		Visual		same	steady
9c289a7471e5d76fdc8db0aec629fb0b	src/undisbeliever-snes-test-roms/bin/hardware-tests/audio/ipl-speed-test.sfc	undisbeliever	Visual		Visual		36B	moving
e62bddecf9febeedc9595072749b1930	src/undisbeliever-snes-test-roms/bin/hardware-tests/auto-joypad/auto-joy-timing-test.sfc	undisbeliever	Visual		Visual		12B	moving
15737ebd554af050828c1ceb05e60370	src/undisbeliever-snes-test-roms/bin/hardware-tests/auto-joypad/blip-autojoy-latches-joypad-test.sfc	undisbeliever	Visual		Visual		46B	moving
b3b25893b7f7cc1aa16621cb723422c0	src/undisbeliever-snes-test-roms/bin/hardware-tests/auto-joypad/blip-autojoy-test-automatic.sfc	undisbeliever	Visual		Visual		138B	moving
7a798f2f2e6af77895e7478ab33ad4b2	src/undisbeliever-snes-test-roms/bin/hardware-tests/auto-joypad/blip-autojoy-test.sfc	undisbeliever	Visual		Visual		50B	moving
bfa89d02c7031352523eb3ebc1e3e9fc	src/undisbeliever-snes-test-roms/bin/hardware-tests/auto-joypad/blip-autojoy-timing-test.sfc	undisbeliever	Visual		Visual		38B	steady
a0228837fcef280112997c1b99ccc3a2	src/undisbeliever-snes-test-roms/bin/hardware-tests/auto-joypad/clear-autojoy-1st-vb-sl.sfc	undisbeliever	Visual		Visual		63B	moving
c5fa5a0059ad150dd2aedb2c839bc885	src/undisbeliever-snes-test-roms/bin/hardware-tests/auto-joypad/clear-autojoy-after-autojoy-active.sfc	undisbeliever	Visual		Visual		60B	moving
de63a55404de1b30087a3b27ac96f04e	src/undisbeliever-snes-test-roms/bin/hardware-tests/auto-joypad/clear-autojoy-during-autojoy.sfc	undisbeliever	Visual		Visual		30B	moving
fab183589719a2c6ce3badd52aa7c52b	src/undisbeliever-snes-test-roms/bin/hardware-tests/auto-joypad/clear-autojoy-timing-test.sfc	undisbeliever	Visual		Visual		11B	moving
5d00846d69668bed636c313dd6e0dcb1	src/undisbeliever-snes-test-roms/bin/hardware-tests/auto-joypad/enable-autojoy-late-test-2.sfc	undisbeliever	Visual		Visual		31B	moving
3f1c25fff5d162222d5d39cb122965f0	src/undisbeliever-snes-test-roms/bin/hardware-tests/auto-joypad/enable-autojoy-late-test.sfc	undisbeliever	Visual		Visual		16B	moving
93a40992e36906bf5d13faedae8df711	src/undisbeliever-snes-test-roms/bin/hardware-tests/auto-joypad/joypad-latch-clear-during-autojoy.sfc	undisbeliever	Visual		Visual		24B	moving
5322e15d88509a11fa60e4f672da3cf4	src/undisbeliever-snes-test-roms/bin/hardware-tests/auto-joypad/joypad-latch-set-during-autojoy.sfc	undisbeliever	Visual		Visual		5B	moving
22c052a2623dd33526bb50457e5daaeb	src/undisbeliever-snes-test-roms/bin/hardware-tests/auto-joypad/joyser0-read-during-autojoy.sfc	undisbeliever	Visual		Visual		20B	moving
3c3ba7338987215ca543844078711e8a	src/undisbeliever-snes-test-roms/bin/hardware-tests/hdmaen_latch_test_2.sfc	undisbeliever	Visual		Visual		same	steady
79216401204b2bfb658112b34125b9ec	src/undisbeliever-snes-test-roms/bin/hardware-tests/hdmaen_latch_test.sfc	undisbeliever	Visual		Visual		same	steady
f5c35dc4e8a4a1eb4d6a3b2a8e6f1410	src/undisbeliever-snes-test-roms/bin/hardware-tests/hdma-timing-demonstration.sfc	undisbeliever	Visual		Visual		same	steady
5211ad24b2900f0a01330db4e6160b4f	src/undisbeliever-snes-test-roms/bin/hardware-tests/inidisp_brightness_0.sfc	undisbeliever	Visual		Visual		same	steady
6e34edac6fda7224c0febf81d121d3de	src/undisbeliever-snes-test-roms/bin/hardware-tests/inidisp_brightness_delay.sfc	undisbeliever	Visual		Visual		same	steady
7130feb688eb6b46b133a74eb9c52e04	src/undisbeliever-snes-test-roms/bin/hardware-tests/inidisp_enable_display_mid_frame.sfc	undisbeliever	Visual		Visual		same	steady
d2a4ea2195d6556559b306bf17ac926f	src/undisbeliever-snes-test-roms/bin/hardware-tests/inidisp_forgot_to_force_blank_2.sfc	undisbeliever	Visual		Visual		same	steady
046169de72cd8bcc2f7df32a7dbb502c	src/undisbeliever-snes-test-roms/bin/hardware-tests/inidisp_forgot_to_force_blank.sfc	undisbeliever	Visual		Visual		3941B	steady
c7064ebad0d542513559011c01defb16	src/undisbeliever-snes-test-roms/bin/hardware-tests/joypad_bounce_test.sfc	undisbeliever	Visual		Visual		same	steady
4d0f7e6d71a86276d1eded846caf8207	src/undisbeliever-snes-test-roms/bin/hardware-tests/joypad_rapid_read_test.sfc	undisbeliever	Visual		Visual		same	steady
f7b78b2b5a498675a0dcfac88e9e43d9	src/undisbeliever-snes-test-roms/bin/hardware-tests/mouse-cycle-sensitivity-test.sfc	undisbeliever	Visual		Visual		same	steady
4f66e461bee2a1e5feca9ee0b56d17a1	src/undisbeliever-snes-test-roms/bin/hardware-tests/object-dropout-test.sfc	undisbeliever	Visual		Visual		same	steady
ec1de6cacda9ae4729b6927fd6d3e66a	src/undisbeliever-snes-test-roms/bin/hardware-tests/reset-position-test.sfc	undisbeliever	Visual		Visual		20B	steady
25b4457c669043ea43e5aa76afae63c4	src/undisbeliever-snes-test-roms/bin/hardware-tests/rumble-controller-latching.sfc	undisbeliever	Visual		Visual		same	steady
edcbb225705c9739f4deac4c02495148	src/undisbeliever-snes-test-roms/bin/hardware-tests/vram-mid-scanline-test.sfc	undisbeliever	Visual		Visual		65536B	steady
72399a542ebb43177d7863aed66b313c	src/undisbeliever-snes-test-roms/bin/hardware-tests/wrmpyb-in-flight.sfc	undisbeliever	Visual		Visual		182B	steady
120987f61d40c316b5f8114996579b75	src/undisbeliever-snes-test-roms/bin/vmain-address-remapping/vmain-1bpp-no-remapping.sfc	undisbeliever	Visual		Visual		same	steady
d8d000311f17c3495a17eddabaf2820e	src/undisbeliever-snes-test-roms/bin/vmain-address-remapping/vmain-1bpp-with-remapping.sfc	undisbeliever	Visual		Visual		same	steady
5e28bfdf96b6627c35e5ba07c90246de	src/undisbeliever-snes-test-roms/bin/vmain-address-remapping/vmain-2bpp-no-remapping.sfc	undisbeliever	Visual		Visual		same	steady
43003d4858021b3092bc3b7e4ee6007b	src/undisbeliever-snes-test-roms/bin/vmain-address-remapping/vmain-2bpp-split-with-remapping.sfc	undisbeliever	Visual		Visual		same	steady
5b15088fefb1d75eb41985836563c864	src/undisbeliever-snes-test-roms/bin/vmain-address-remapping/vmain-2bpp-with-remapping.sfc	undisbeliever	Visual		Visual		same	steady
6e9af98d54f017bd5d9fc2db4a97c6e9	src/undisbeliever-snes-test-roms/bin/vmain-address-remapping/vmain-4bpp-no-remapping.sfc	undisbeliever	Visual		Visual		same	steady
c1344a44a4f5017985584a5c8d5ffc79	src/undisbeliever-snes-test-roms/bin/vmain-address-remapping/vmain-4bpp-no-remapping-word.sfc	undisbeliever	Visual		Visual		same	steady
8de52bdf74a86a6e4faf43d7ccbdb6cc	src/undisbeliever-snes-test-roms/bin/vmain-address-remapping/vmain-4bpp-with-remapping.sfc	undisbeliever	Visual		Visual		same	steady
8e2be7f34fe4ce6f6b3f4352ef53de8b	src/undisbeliever-snes-test-roms/bin/vmain-address-remapping/vmain-4bpp-with-remapping-word.sfc	undisbeliever	Visual		Visual		same	steady
e6966bfab377620e3dc2ac53d01ee94a	src/undisbeliever-snes-test-roms/bin/vmain-address-remapping/vmain-8bpp-no-remapping.sfc	undisbeliever	Visual		Visual		same	steady
7b725aa0e2766f68548d9d830093ac25	src/undisbeliever-snes-test-roms/bin/vmain-address-remapping/vmain-8bpp-with-remapping.sfc	undisbeliever	Visual		Visual		same	steady
0220813daa8a9859add9f9b7834b1463	src/undisbeliever-snes-test-roms/bin/vmain-address-remapping/vmain-mode7-image-no-remapping.sfc	undisbeliever	Visual		Visual		same	steady
cbc235d803089f2a6b0501834ca1e16b	src/undisbeliever-snes-test-roms/bin/vmain-address-remapping/vmain-mode7-image-tilemap.sfc	undisbeliever	Visual		Visual		same	steady
62edce5983e728fd9860d23032ec452c	src/undisbeliever-snes-test-roms/bin/vmain-address-remapping/vmain-mode7-image-with-10bit-remapping.sfc	undisbeliever	Visual		Visual		same	steady
7de0e1a633da90b161f8eb66e20336dd	src/undisbeliever-snes-test-roms/bin/vmain-address-remapping/vmain-mode7-image-with-8bit-remapping.sfc	undisbeliever	Visual		Visual		same	steady
